{
  "LanguageID":"kEn_US_Unity",
  "PageLayouts":[
    {
      "PageLayoutID":"kLowerLetters",
      "KeyRows":[
        {"KeyRow":[
          {"KeyTypeID":"kTab", "DefaultChar":"Tab"},
          {"KeyTypeID":"kCharacter", "DefaultChar":"q", "AlternateKeySelectorID":"qKeysLower"},
          {"KeyTypeID":"kCharacter", "DefaultChar":"w", "AlternateKeySelectorID":"wKeysLower"},
          {"KeyTypeID":"kCharacter", "DefaultChar":"e", "AlternateKeySelectorID":"eKeysLower"},
          {"KeyTypeID":"kCharacter", "DefaultChar":"r", "AlternateKeySelectorID":"rKeysLower"},
          {"KeyTypeID":"kCharacter", "DefaultChar":"t", "AlternateKeySelectorID":"tKeysLower"},
          {"KeyTypeID":"kCharacter", "DefaultChar":"y", "AlternateKeySelectorID":"yKeysLower"},
          {"KeyTypeID":"kCharacter", "DefaultChar":"u", "AlternateKeySelectorID":"uKeysLower"},
          {"KeyTypeID":"kCharacter", "DefaultChar":"i", "AlternateKeySelectorID":"iKeysLower"},
          {"KeyTypeID":"kCharacter", "DefaultChar":"o", "AlternateKeySelectorID":"oKeysLower"},
          {"KeyTypeID":"kCharacter", "DefaultChar":"p", "AlternateKeySelectorID":"pKeysLower"},
          {"KeyTypeID":"kCharacter", "DefaultChar":"7", "GapOnLeft": 0.004},
          {"KeyTypeID":"kCharacter", "DefaultChar":"8"},
          {"KeyTypeID":"kCharacter", "DefaultChar":"9"}
        ]},
        {"KeyRow":[
          {"KeyTypeID":"kPageNumericSymbols", "DefaultChar":"&#^"},
          {"KeyTypeID":"kCharacter", "DefaultChar":"a", "AlternateKeySelectorID":"aKeysLower"},
          {"KeyTypeID":"kCharacter", "DefaultChar":"s", "AlternateKeySelectorID":"sKeysLower"},
          {"KeyTypeID":"kCharacter", "DefaultChar":"d", "AlternateKeySelectorID":"dKeysLower"},
          {"KeyTypeID":"kCharacter", "DefaultChar":"f", "AlternateKeySelectorID":"fKeysLower"},
          {"KeyTypeID":"kCharacter", "DefaultChar":"g", "AlternateKeySelectorID":"gKeysLower"},
          {"KeyTypeID":"kCharacter", "DefaultChar":"h", "AlternateKeySelectorID":"hKeysLower"},
          {"KeyTypeID":"kCharacter", "DefaultChar":"j", "AlternateKeySelectorID":"jKeysLower"},
          {"KeyTypeID":"kCharacter", "DefaultChar":"k", "AlternateKeySelectorID":"kKeysLower"},
          {"KeyTypeID":"kCharacter", "DefaultChar":"l", "AlternateKeySelectorID":"lKeysLower"},
          {"KeyTypeID":"kBackspace", "DefaultChar":"Delete"},
          {"KeyTypeID":"kCharacter", "DefaultChar":"4", "GapOnLeft": 0.004},
          {"KeyTypeID":"kCharacter", "DefaultChar":"5"},
          {"KeyTypeID":"kCharacter", "DefaultChar":"6"}
        ]},
        {"KeyRow":[
          {"KeyTypeID":"kShift", "DefaultChar":"Shift"},
          {"KeyTypeID":"kCharacter", "DefaultChar":"z", "AlternateKeySelectorID":"zKeysLower"},
          {"KeyTypeID":"kCharacter", "DefaultChar":"x", "AlternateKeySelectorID":"xKeysLower"},
          {"KeyTypeID":"kCharacter", "DefaultChar":"c", "AlternateKeySelectorID":"cKeysLower"},
          {"KeyTypeID":"kCharacter", "DefaultChar":"v", "AlternateKeySelectorID":"vKeysLower"},
          {"KeyTypeID":"kCharacter", "DefaultChar":"b", "AlternateKeySelectorID":"bKeysLower"},
          {"KeyTypeID":"kCharacter", "DefaultChar":"n", "AlternateKeySelectorID":"nKeysLower"},
          {"KeyTypeID":"kCharacter", "DefaultChar":"m", "AlternateKeySelectorID":"mKeysLower"},
          {"KeyTypeID":"kCharacterSpecial", "DefaultChar":"-", "KeyButtonStyle":"kMedium"},
          {"KeyTypeID":"kCharacterSpecial", "DefaultChar":"_", "KeyButtonStyle":"kMedium"},
          {"KeyTypeID":"kShift", "DefaultChar":"Shift"},
          {"KeyTypeID":"kCharacter", "DefaultChar":"1", "GapOnLeft": 0.004},
          {"KeyTypeID":"kCharacter", "DefaultChar":"2"},
          {"KeyTypeID":"kCharacter", "DefaultChar":"3"}
        ]},
        {"KeyRow":[
          {"KeyTypeID":"kCharacterSpecial", "DefaultChar":"!", "KeyButtonStyle":"kMedium"},
          {"KeyTypeID":"kCharacterSpecial", "DefaultChar":"@", "KeyButtonStyle":"kMedium"},
          {"KeyTypeID":"kCharacterSpecial", "DefaultChar":"$", "KeyButtonStyle":"kMedium"},
          {"KeyTypeID":"kSpacebar", "WidthWeight":4.0},
          {"KeyTypeID":"kCharacterSpecial", "DefaultChar":".", "KeyButtonStyle":"kMedium"},
          {"KeyTypeID":"kCharacterSpecial", "DefaultChar":".com", "KeyButtonStyle":"kMedium"},
          {"KeyTypeID":"kEnter", "DefaultChar":"return", "WidthWeight":2.0},
          {"KeyTypeID":"kCharacterSpecial", "DefaultChar":"#", "GapOnLeft": 0.004, "KeyButtonStyle":"kMedium"},
          {"KeyTypeID":"kCharacter", "DefaultChar":"0"},
          {"KeyTypeID":"kCharacterSpecial", "DefaultChar":"*", "KeyButtonStyle":"kMedium"}
        ]}
      ],
      "DefaultKeySizeX":0.02784,
      "DefaultKeySizeY":0.02784,
      "DefaultKeySizeZ":0.02784,
      "KeyboardWidth":2.5,
      "KeyGap":0.003
    },
    {
      "PageLayoutID":"kUpperLetters",
      "KeyRows":[
        {"KeyRow":[
          {"KeyTypeID":"kTab", "DefaultChar":"Tab"},
          {"KeyTypeID":"kCharacter", "DefaultChar":"Q", "AlternateKeySelectorID":"qKeysUpper"},
          {"KeyTypeID":"kCharacter", "DefaultChar":"W", "AlternateKeySelectorID":"wKeysUpper"},
          {"KeyTypeID":"kCharacter", "DefaultChar":"E", "AlternateKeySelectorID":"eKeysUpper"},
          {"KeyTypeID":"kCharacter", "DefaultChar":"R", "AlternateKeySelectorID":"rKeysUpper"},
          {"KeyTypeID":"kCharacter", "DefaultChar":"T", "AlternateKeySelectorID":"tKeysUpper"},
          {"KeyTypeID":"kCharacter", "DefaultChar":"Y", "AlternateKeySelectorID":"yKeysUpper"},
          {"KeyTypeID":"kCharacter", "DefaultChar":"U", "AlternateKeySelectorID":"uKeysUpper"},
          {"KeyTypeID":"kCharacter", "DefaultChar":"I", "AlternateKeySelectorID":"iKeysUpper"},
          {"KeyTypeID":"kCharacter", "DefaultChar":"O", "AlternateKeySelectorID":"oKeysUpper"},
          {"KeyTypeID":"kCharacter", "DefaultChar":"P", "AlternateKeySelectorID":"pKeysUpper"},
          {"KeyTypeID":"kCharacter", "DefaultChar":"7", "GapOnLeft": 0.004},
          {"KeyTypeID":"kCharacter", "DefaultChar":"8"},
          {"KeyTypeID":"kCharacter", "DefaultChar":"9"}
        ]},
        {"KeyRow":[
          {"KeyTypeID":"kPageNumericSymbols", "DefaultChar":"&#^"},
          {"KeyTypeID":"kCharacter", "DefaultChar":"A", "AlternateKeySelectorID":"aKeysUpper"},
          {"KeyTypeID":"kCharacter", "DefaultChar":"S", "AlternateKeySelectorID":"sKeysUpper"},
          {"KeyTypeID":"kCharacter", "DefaultChar":"D", "AlternateKeySelectorID":"dKeysUpper"},
          {"KeyTypeID":"kCharacter", "DefaultChar":"F", "AlternateKeySelectorID":"fKeysUpper"},
          {"KeyTypeID":"kCharacter", "DefaultChar":"G", "AlternateKeySelectorID":"gKeysUpper"},
          {"KeyTypeID":"kCharacter", "DefaultChar":"H", "AlternateKeySelectorID":"hKeysUpper"},
          {"KeyTypeID":"kCharacter", "DefaultChar":"J", "AlternateKeySelectorID":"jKeysUpper"},
          {"KeyTypeID":"kCharacter", "DefaultChar":"K", "AlternateKeySelectorID":"kKeysUpper"},
          {"KeyTypeID":"kCharacter", "DefaultChar":"L", "AlternateKeySelectorID":"lKeysUpper"},
          {"KeyTypeID":"kBackspace", "DefaultChar":"Delete"},
          {"KeyTypeID":"kCharacter", "DefaultChar":"4", "GapOnLeft": 0.004},
          {"KeyTypeID":"kCharacter", "DefaultChar":"5"},
          {"KeyTypeID":"kCharacter", "DefaultChar":"6"}
        ]},
        {"KeyRow":[
          {"KeyTypeID":"kShift", "DefaultChar":"Shift"},
          {"KeyTypeID":"kCharacter", "DefaultChar":"Z", "AlternateKeySelectorID":"zKeysUpper"},
          {"KeyTypeID":"kCharacter", "DefaultChar":"X", "AlternateKeySelectorID":"xKeysUpper"},
          {"KeyTypeID":"kCharacter", "DefaultChar":"C", "AlternateKeySelectorID":"cKeysUpper"},
          {"KeyTypeID":"kCharacter", "DefaultChar":"V", "AlternateKeySelectorID":"vKeysUpper"},
          {"KeyTypeID":"kCharacter", "DefaultChar":"B", "AlternateKeySelectorID":"bKeysUpper"},
          {"KeyTypeID":"kCharacter", "DefaultChar":"N", "AlternateKeySelectorID":"nKeysUpper"},
          {"KeyTypeID":"kCharacter", "DefaultChar":"M", "AlternateKeySelectorID":"mKeysUpper"},
          {"KeyTypeID":"kCharacterSpecial", "DefaultChar":"-", "KeyButtonStyle":"kMedium"},
          {"KeyTypeID":"kCharacterSpecial", "DefaultChar":"_", "KeyButtonStyle":"kMedium"},
          {"KeyTypeID":"kShift", "DefaultChar":"Shift"},
          {"KeyTypeID":"kCharacter", "DefaultChar":"1", "GapOnLeft": 0.004},
          {"KeyTypeID":"kCharacter", "DefaultChar":"2"},
          {"KeyTypeID":"kCharacter", "DefaultChar":"3"}
        ]},
        {"KeyRow":[
          {"KeyTypeID":"kCharacterSpecial", "DefaultChar":"!", "KeyButtonStyle":"kMedium"},
          {"KeyTypeID":"kCharacterSpecial", "DefaultChar":"@", "KeyButtonStyle":"kMedium"},
          {"KeyTypeID":"kCharacterSpecial", "DefaultChar":"$", "KeyButtonStyle":"kMedium"},
          {"KeyTypeID":"kSpacebar", "WidthWeight":4.0},
          {"KeyTypeID":"kCharacterSpecial", "DefaultChar":".", "KeyButtonStyle":"kMedium"},
          {"KeyTypeID":"kCharacterSpecial", "DefaultChar":".com", "KeyButtonStyle":"kMedium"},
          {"KeyTypeID":"kEnter", "DefaultChar":"return", "WidthWeight":2.0},
          {"KeyTypeID":"kCharacterSpecial", "DefaultChar":"#", "GapOnLeft": 0.004, "KeyButtonStyle":"kMedium"},
          {"KeyTypeID":"kCharacter", "DefaultChar":"0"},
          {"KeyTypeID":"kCharacterSpecial", "DefaultChar":"*", "KeyButtonStyle":"kMedium"}
        ]}
      ],
      "DefaultKeySizeX":0.02784,
      "DefaultKeySizeY":0.02784,
      "DefaultKeySizeZ":0.02784,
      "KeyboardWidth":2.5,
      "KeyGap":0.003
    },
    {
      "PageLayoutID":"kNumericSymbols",
      "KeyRows":[
        {"KeyRow":[
          {"KeyTypeID":"kTab", "DefaultChar":"Tab"},
          {"KeyTypeID":"kCharacterSpecial", "DefaultChar":"~"},
          {"KeyTypeID":"kCharacterSpecial", "DefaultChar":"`"},
          {"KeyTypeID":"kCharacterSpecial", "DefaultChar":"'"},
          {"KeyTypeID":"kCharacterSpecial", "DefaultChar":"%"},
          {"KeyTypeID":"kCharacterSpecial", "DefaultChar":"^"},
          {"KeyTypeID":"kCharacterSpecial", "DefaultChar":"&"},
          {"KeyTypeID":"kCharacterSpecial", "DefaultChar":"*"},
          {"KeyTypeID":"kCharacterSpecial", "DefaultChar":"("},
          {"KeyTypeID":"kCharacterSpecial", "DefaultChar":")"},
          {"KeyTypeID":"kCharacterSpecial", "DefaultChar":"="},
          {"KeyTypeID":"kCharacter", "DefaultChar":"7", "GapOnLeft": 0.004},
          {"KeyTypeID":"kCharacter", "DefaultChar":"8"},
          {"KeyTypeID":"kCharacter", "DefaultChar":"9"}
        ]},
        {"KeyRow":[
          {"KeyTypeID":"kPageNumericSymbols", "DefaultChar":"&#^"},
          {"KeyTypeID":"kCharacterSpecial", "DefaultChar":"["},
          {"KeyTypeID":"kCharacterSpecial", "DefaultChar":"]"},
          {"KeyTypeID":"kCharacterSpecial", "DefaultChar":"{"},
          {"KeyTypeID":"kCharacterSpecial", "DefaultChar":"}"},
          {"KeyTypeID":"kCharacterSpecial", "DefaultChar":"\\"},
          {"KeyTypeID":"kCharacterSpecial", "DefaultChar":"/"},
          {"KeyTypeID":"kCharacterSpecial", "DefaultChar":"|"},
          {"KeyTypeID":"kCharacterSpecial", "DefaultChar":"+"},
          {"KeyTypeID":"kCharacterSpecial", "DefaultChar":"?"},
          {"KeyTypeID":"kBackspace", "DefaultChar":"Delete"},
          {"KeyTypeID":"kCharacter", "DefaultChar":"4", "GapOnLeft": 0.004},
          {"KeyTypeID":"kCharacter", "DefaultChar":"5"},
          {"KeyTypeID":"kCharacter", "DefaultChar":"6"}
        ]},
        {"KeyRow":[
          {"KeyTypeID":"kShift", "DefaultChar":"Shift"},
          {"KeyTypeID":"kCharacterSpecial", "DefaultChar":"<"},
          {"KeyTypeID":"kCharacterSpecial", "DefaultChar":">"},
          {"KeyTypeID":"kCharacterSpecial", "DefaultChar":"\""},
          {"KeyTypeID":"kCharacterSpecial", "DefaultChar":":"},
          {"KeyTypeID":"kCharacterSpecial", "DefaultChar":";"},
          {"KeyTypeID":"kCharacterSpecial", "DefaultChar":"#"},
          {"KeyTypeID":"kCharacterSpecial", "DefaultChar":","},
          {"KeyTypeID":"kCharacterSpecial", "DefaultChar":"-", "KeyButtonStyle":"kMedium"},
          {"KeyTypeID":"kCharacterSpecial", "DefaultChar":"_", "KeyButtonStyle":"kMedium"},
          {"KeyTypeID":"kShift", "DefaultChar":"Shift"},
          {"KeyTypeID":"kCharacter", "DefaultChar":"1", "GapOnLeft": 0.004},
          {"KeyTypeID":"kCharacter", "DefaultChar":"2"},
          {"KeyTypeID":"kCharacter", "DefaultChar":"3"}
        ]},
        {"KeyRow":[
          {"KeyTypeID":"kCharacterSpecial", "DefaultChar":"!", "KeyButtonStyle":"kMedium"},
          {"KeyTypeID":"kCharacterSpecial", "DefaultChar":"@", "KeyButtonStyle":"kMedium"},
          {"KeyTypeID":"kCharacterSpecial", "DefaultChar":"$", "KeyButtonStyle":"kMedium"},
          {"KeyTypeID":"kSpacebar", "WidthWeight":4.0},
          {"KeyTypeID":"kCharacterSpecial", "DefaultChar":".", "KeyButtonStyle":"kMedium"},
          {"KeyTypeID":"kCharacterSpecial", "DefaultChar":".com", "KeyButtonStyle":"kMedium"},
          {"KeyTypeID":"kEnter", "DefaultChar":"return", "WidthWeight":2.0},
          {"KeyTypeID":"kCharacterSpecial", "DefaultChar":"#", "GapOnLeft": 0.004, "KeyButtonStyle":"kMedium"},
          {"KeyTypeID":"kCharacter", "DefaultChar":"0"},
          {"KeyTypeID":"kCharacterSpecial", "DefaultChar":"*", "KeyButtonStyle":"kMedium"}
        ]}
      ],
      "DefaultKeySizeX":0.02784,
      "DefaultKeySizeY":0.02784,
      "DefaultKeySizeZ":0.02784,
      "KeyboardWidth":2.5,
      "KeyGap":0.003
    }
  ],
  "KeyboardPageSets":[
    {
      "KeyboardPageSetID":"kFull",
      "KeyboardPageSetProperties":[
        {
          "PageLayoutID":"kLowerLetters",
          "KeyPage":[
            {"KeyTypeID":"kShift", "PageLayoutID":"kUpperLetters"},
            {"KeyTypeID":"kPageNumericSymbols", "PageLayoutID":"kNumericSymbols"}
          ]
        },
        {
          "PageLayoutID":"kUpperLetters",
          "KeyPage":[
            {"KeyTypeID":"kShift", "PageLayoutID":"kLowerLetters"},
            {"KeyTypeID":"kPageNumericSymbols", "PageLayoutID":"kNumericSymbols"}
          ]
        },
        {
          "PageLayoutID":"kNumericSymbols",
          "KeyPage":[
            {"KeyTypeID":"kPageNumericSymbols", "PageLayoutID":"kLowerLetters"}
          ]
        }
      ],
      "PageLayoutID":"kLowerLetters"
    }
  ]
}
