{
  "LanguageID":"kJp_JP_Unity",
  "OverrideRowCountForLayout" : true,
  "PageLayouts":[
    {
      "PageLayoutID":"kHiragana",
      "KeyRows":[
        {"KeyRow":[
          {"KeyTypeID":"kCharacter", "DefaultChar":"わ", "AlternateKeySelectorID":"hiraganaWaKeys"},
          {"KeyTypeID":"kCharacter", "DefaultChar":"ら"},
          {"KeyTypeID":"kCharacter", "DefaultChar":"や", "AlternateKeySelectorID":"hiraganaYaKeys"},
          {"KeyTypeID":"kCharacter", "DefaultChar":"ま"},
          {"KeyTypeID":"kCharacter", "DefaultChar":"は", "AlternateKeySelectorID":"hiraganaHaKeys"},
          {"KeyTypeID":"kCharacter", "DefaultChar":"な"},
          {"KeyTypeID":"kCharacter", "DefaultChar":"た", "AlternateKeySelectorID":"hiraganaTaKeys"},
          {"KeyTypeID":"kCharacter", "DefaultChar":"さ", "AlternateKeySelectorID":"hiraganaSaKeys"},
          {"KeyTypeID":"kCharacter", "DefaultChar":"か", "AlternateKeySelectorID":"hiraganaKaKeys"},
          {"KeyTypeID":"kCharacter", "DefaultChar":"あ", "AlternateKeySelectorID":"hiraganaAKeys"}
        ]},
        {"KeyRow":[
          {"KeyTypeID":"kCharacter", "DefaultChar":"を"},
          {"KeyTypeID":"kCharacter", "DefaultChar":"り"},
          {"KeyTypeID":"kCharacter", "DefaultChar":"ゆ", "AlternateKeySelectorID":"hiraganaYuKeys"},
          {"KeyTypeID":"kCharacter", "DefaultChar":"み"},
          {"KeyTypeID":"kCharacter", "DefaultChar":"ひ", "AlternateKeySelectorID":"hiraganaHiKeys"},
          {"KeyTypeID":"kCharacter", "DefaultChar":"に"},
          {"KeyTypeID":"kCharacter", "DefaultChar":"ち", "AlternateKeySelectorID":"hiraganaTiKeys"},
          {"KeyTypeID":"kCharacter", "DefaultChar":"し", "AlternateKeySelectorID":"hiraganaSiKeys"},
          {"KeyTypeID":"kCharacter", "DefaultChar":"き", "AlternateKeySelectorID":"hiraganaKiKeys"},
          {"KeyTypeID":"kCharacter", "DefaultChar":"い", "AlternateKeySelectorID":"hiraganaIKeys"}
        ]},
        {"KeyRow":[
          {"KeyTypeID":"kCharacter", "DefaultChar":"ん"},
          {"KeyTypeID":"kCharacter", "DefaultChar":"る"},
          {"KeyTypeID":"kCharacter", "DefaultChar":"よ", "AlternateKeySelectorID":"hiraganaYoKeys"},
          {"KeyTypeID":"kCharacter", "DefaultChar":"む"},
          {"KeyTypeID":"kCharacter", "DefaultChar":"ふ", "AlternateKeySelectorID":"hiraganaHuKeys"},
          {"KeyTypeID":"kCharacter", "DefaultChar":"ぬ"},
          {"KeyTypeID":"kCharacter", "DefaultChar":"つ", "AlternateKeySelectorID":"hiraganaTuKeys"},
          {"KeyTypeID":"kCharacter", "DefaultChar":"す", "AlternateKeySelectorID":"hiraganaSuKeys"},
          {"KeyTypeID":"kCharacter", "DefaultChar":"く", "AlternateKeySelectorID":"hiraganaKuKeys"},
          {"KeyTypeID":"kCharacter", "DefaultChar":"う", "AlternateKeySelectorID":"hiraganaUKeys"}
        ]},
        {"KeyRow":[
          {"KeyTypeID":"kCharacter", "DefaultChar":"ー"},
          {"KeyTypeID":"kCharacter", "DefaultChar":"れ"},
          {"KeyTypeID":"kAutoAlternateSelector", "DefaultChar":" 、。",
            "AlternateKeySelectorID":"hiraganaPunctuation1"},
          {"KeyTypeID":"kCharacter", "DefaultChar":"め"},
          {"KeyTypeID":"kCharacter", "DefaultChar":"へ", "AlternateKeySelectorID":"hiraganaHeKeys"},
          {"KeyTypeID":"kCharacter", "DefaultChar":"ね"},
          {"KeyTypeID":"kCharacter", "DefaultChar":"て", "AlternateKeySelectorID":"hiraganaTeKeys"},
          {"KeyTypeID":"kCharacter", "DefaultChar":"せ", "AlternateKeySelectorID":"hiraganaSeKeys"},
          {"KeyTypeID":"kCharacter", "DefaultChar":"け", "AlternateKeySelectorID":"hiraganaKeKeys"},
          {"KeyTypeID":"kCharacter", "DefaultChar":"え", "AlternateKeySelectorID":"hiraganaEKeys"}
        ]},
        {"KeyRow":[
          {"KeyTypeID":"kAltCharToggle", "DefaultChar":"小ﾞ ﾟ"},
          {"KeyTypeID":"kCharacter", "DefaultChar":"ろ"},
          {"KeyTypeID":"kAutoAlternateSelector", "DefaultChar":"? !",
            "AlternateKeySelectorID":"hiraganaPunctuation2"},
          {"KeyTypeID":"kCharacter", "DefaultChar":"も"},
          {"KeyTypeID":"kCharacter", "DefaultChar":"ほ", "AlternateKeySelectorID":"hiraganaHoKeys"},
          {"KeyTypeID":"kCharacter", "DefaultChar":"の"},
          {"KeyTypeID":"kCharacter", "DefaultChar":"と", "AlternateKeySelectorID":"hiraganaToKeys"},
          {"KeyTypeID":"kCharacter", "DefaultChar":"そ", "AlternateKeySelectorID":"hiraganaSoKeys"},
          {"KeyTypeID":"kCharacter", "DefaultChar":"こ", "AlternateKeySelectorID":"hiraganaKoKeys"},
          {"KeyTypeID":"kCharacter", "DefaultChar":"お", "AlternateKeySelectorID":"hiraganaOKeys"}
        ]},
        {"KeyRow":[
          {"KeyTypeID":"kBackspace", "WidthWeight":1.0},
          {"KeyTypeID":"kSpacebar", "WidthWeight":7.0},
          {"KeyTypeID":"kEnter", "WidthWeight":2.0}
        ]}
      ],
      "DefaultKeySizeX":0.02784,
      "DefaultKeySizeY":0.02784,
      "DefaultKeySizeZ":0.02784,
      "KeyboardWidth":2.5,
      "KeyGap":0.003
    },
    {
      "PageLayoutID":"kKatakana",
      "KeyRows":[
        {"KeyRow":[
          {"KeyTypeID":"kCharacter", "DefaultChar":"ワ", "AlternateKeySelectorID":"katakanaWaKeys"},
          {"KeyTypeID":"kCharacter", "DefaultChar":"ラ"},
          {"KeyTypeID":"kCharacter", "DefaultChar":"ヤ", "AlternateKeySelectorID":"katakanaYaKeys"},
          {"KeyTypeID":"kCharacter", "DefaultChar":"マ"},
          {"KeyTypeID":"kCharacter", "DefaultChar":"ハ", "AlternateKeySelectorID":"katakanaHaKeys"},
          {"KeyTypeID":"kCharacter", "DefaultChar":"ナ"},
          {"KeyTypeID":"kCharacter", "DefaultChar":"タ", "AlternateKeySelectorID":"katakanaTaKeys"},
          {"KeyTypeID":"kCharacter", "DefaultChar":"サ", "AlternateKeySelectorID":"katakanaSaKeys"},
          {"KeyTypeID":"kCharacter", "DefaultChar":"カ", "AlternateKeySelectorID":"katakanaKaKeys"},
          {"KeyTypeID":"kCharacter", "DefaultChar":"ア", "AlternateKeySelectorID":"katakanaAKeys"}
        ]},
        {"KeyRow":[
          {"KeyTypeID":"kCharacter", "DefaultChar":"ヲ"},
          {"KeyTypeID":"kCharacter", "DefaultChar":"リ"},
          {"KeyTypeID":"kCharacter", "DefaultChar":"ユ", "AlternateKeySelectorID":"katakanaYuKeys"},
          {"KeyTypeID":"kCharacter", "DefaultChar":"ミ"},
          {"KeyTypeID":"kCharacter", "DefaultChar":"ヒ", "AlternateKeySelectorID":"katakanaHiKeys"},
          {"KeyTypeID":"kCharacter", "DefaultChar":"ニ"},
          {"KeyTypeID":"kCharacter", "DefaultChar":"チ", "AlternateKeySelectorID":"katakanaTiKeys"},
          {"KeyTypeID":"kCharacter", "DefaultChar":"シ", "AlternateKeySelectorID":"katakanaSiKeys"},
          {"KeyTypeID":"kCharacter", "DefaultChar":"キ", "AlternateKeySelectorID":"katakanaKiKeys"},
          {"KeyTypeID":"kCharacter", "DefaultChar":"イ", "AlternateKeySelectorID":"katakanaIKeys"}
        ]},
        {"KeyRow":[
          {"KeyTypeID":"kCharacter", "DefaultChar":"ン"},
          {"KeyTypeID":"kCharacter", "DefaultChar":"ル"},
          {"KeyTypeID":"kCharacter", "DefaultChar":"ヨ", "AlternateKeySelectorID":"katakanaYoKeys"},
          {"KeyTypeID":"kCharacter", "DefaultChar":"ム"},
          {"KeyTypeID":"kCharacter", "DefaultChar":"フ", "AlternateKeySelectorID":"katakanaHuKeys"},
          {"KeyTypeID":"kCharacter", "DefaultChar":"ヌ"},
          {"KeyTypeID":"kCharacter", "DefaultChar":"ツ", "AlternateKeySelectorID":"katakanaTuKeys"},
          {"KeyTypeID":"kCharacter", "DefaultChar":"ス", "AlternateKeySelectorID":"katakanaSuKeys"},
          {"KeyTypeID":"kCharacter", "DefaultChar":"ク", "AlternateKeySelectorID":"katakanaKuKeys"},
          {"KeyTypeID":"kCharacter", "DefaultChar":"ウ", "AlternateKeySelectorID":"katakanaUKeys"}
        ]},
        {"KeyRow":[
          {"KeyTypeID":"kCharacter", "DefaultChar":"ー"},
          {"KeyTypeID":"kCharacter", "DefaultChar":"レ"},
          {"KeyTypeID":"kAutoAlternateSelector", "DefaultChar":" 、。",
            "AlternateKeySelectorID":"katakanaPunctuation1"},
          {"KeyTypeID":"kCharacter", "DefaultChar":"メ"},
          {"KeyTypeID":"kCharacter", "DefaultChar":"ヘ", "AlternateKeySelectorID":"katakanaHeKeys"},
          {"KeyTypeID":"kCharacter", "DefaultChar":"ネ"},
          {"KeyTypeID":"kCharacter", "DefaultChar":"テ", "AlternateKeySelectorID":"katakanaTeKeys"},
          {"KeyTypeID":"kCharacter", "DefaultChar":"セ", "AlternateKeySelectorID":"katakanaSeKeys"},
          {"KeyTypeID":"kCharacter", "DefaultChar":"ケ", "AlternateKeySelectorID":"katakanaKeKeys"},
          {"KeyTypeID":"kCharacter", "DefaultChar":"エ", "AlternateKeySelectorID":"katakanaEKeys"}
        ]},
        {"KeyRow":[
          {"KeyTypeID":"kAltCharToggle", "DefaultChar":"小ﾞ ﾟ"},
          {"KeyTypeID":"kCharacter", "DefaultChar":"ロ"},
          {"KeyTypeID":"kAutoAlternateSelector", "DefaultChar":"? !",
            "AlternateKeySelectorID":"katakanaPunctuation2"},
          {"KeyTypeID":"kCharacter", "DefaultChar":"モ"},
          {"KeyTypeID":"kCharacter", "DefaultChar":"ホ", "AlternateKeySelectorID":"katakanaHoKeys"},
          {"KeyTypeID":"kCharacter", "DefaultChar":"ノ"},
          {"KeyTypeID":"kCharacter", "DefaultChar":"ト", "AlternateKeySelectorID":"katakanaToKeys"},
          {"KeyTypeID":"kCharacter", "DefaultChar":"ソ", "AlternateKeySelectorID":"katakanaSoKeys"},
          {"KeyTypeID":"kCharacter", "DefaultChar":"コ", "AlternateKeySelectorID":"katakanaKoKeys"},
          {"KeyTypeID":"kCharacter", "DefaultChar":"オ", "AlternateKeySelectorID":"katakanaOKeys"}
        ]},
        {"KeyRow":[
          {"KeyTypeID":"kBackspace", "WidthWeight":1.0},
          {"KeyTypeID":"kSpacebar", "WidthWeight":7.0},
          {"KeyTypeID":"kEnter", "WidthWeight":2.0}
        ]}
      ],
      "DefaultKeySizeX":0.02784,
      "DefaultKeySizeY":0.02784,
      "DefaultKeySizeZ":0.02784,
      "KeyboardWidth":2.5,
      "KeyGap":0.003
    },
    {
      "PageLayoutID":"kNumericSymbols",
      "KeyRows":[
        {"KeyRow":[
          {"KeyTypeID":"kCharacter", "DefaultChar":"1"},
          {"KeyTypeID":"kCharacter", "DefaultChar":"2"},
          {"KeyTypeID":"kCharacter", "DefaultChar":"3"},
          {"KeyTypeID":"kCharacter", "DefaultChar":"4"},
          {"KeyTypeID":"kCharacter", "DefaultChar":"5"},
          {"KeyTypeID":"kCharacter", "DefaultChar":"6"},
          {"KeyTypeID":"kCharacter", "DefaultChar":"7"},
          {"KeyTypeID":"kCharacter", "DefaultChar":"8"},
          {"KeyTypeID":"kCharacter", "DefaultChar":"9"},
          {"KeyTypeID":"kCharacter", "DefaultChar":"0"}
        ]},
        {"KeyRow":[
          {"KeyTypeID":"kCharacter", "DefaultChar":"+"},
          {"KeyTypeID":"kCharacter", "DefaultChar":"-"},
          {"KeyTypeID":"kCharacter", "DefaultChar":"_"},
          {"KeyTypeID":"kCharacter", "DefaultChar":"#"},
          {"KeyTypeID":"kCharacter", "DefaultChar":"="},
          {"KeyTypeID":"kCharacter", "DefaultChar":"@"},
          {"KeyTypeID":"kCharacter", "DefaultChar":":"},
          {"KeyTypeID":"kCharacter", "DefaultChar":";"},
          {"KeyTypeID":"kCharacter", "DefaultChar":"¥"},
          {"KeyTypeID":"kCharacter", "DefaultChar":"*"}
        ]},
        {"KeyRow":[
          {"KeyTypeID":"kCharacter", "DefaultChar":"÷"},
          {"KeyTypeID":"kCharacter", "DefaultChar":"×"},
          {"KeyTypeID":"kCharacter", "DefaultChar":"%", "AlternateKeySelectorID":"percentKeys"},
          {"KeyTypeID":"kCharacter", "DefaultChar":"\\"},
          {"KeyTypeID":"kCharacter", "DefaultChar":"&", "AlternateKeySelectorID":"ampersandKeys"},
          {"KeyTypeID":"kCharacter", "DefaultChar":"•"},
          {"KeyTypeID":"kCharacter", "DefaultChar":"^"},
          {"KeyTypeID":"kCharacter", "DefaultChar":"~"},
          {"KeyTypeID":"kCharacter", "DefaultChar":"$", "AlternateKeySelectorID":"dollarKeys"},
          {"KeyTypeID":"kCharacter", "DefaultChar":"©", "AlternateKeySelectorID":"copyrightKeys"}
        ]},
        {"KeyRow":[
          {"KeyTypeID":"kCharacter", "DefaultChar":"`"},
          {"KeyTypeID":"kCharacter", "DefaultChar":"/"},
          {"KeyTypeID":"kCharacter", "DefaultChar":"'"},
          {"KeyTypeID":"kCharacter", "DefaultChar":"\""},
          {"KeyTypeID":"kCharacter", "DefaultChar":"("},
          {"KeyTypeID":"kCharacter", "DefaultChar":")"},
          {"KeyTypeID":"kCharacter", "DefaultChar":","},
          {"KeyTypeID":"kCharacter", "DefaultChar":"."},
          {"KeyTypeID":"kCharacter", "DefaultChar":"?"},
          {"KeyTypeID":"kCharacter", "DefaultChar":"!"}
        ]},
        {"KeyRow":[
          {"KeyTypeID":"kCharacter", "DefaultChar":"'"},
          {"KeyTypeID":"kCharacter", "DefaultChar":"{"},
          {"KeyTypeID":"kCharacter", "DefaultChar":"}"},
          {"KeyTypeID":"kCharacter", "DefaultChar":"["},
          {"KeyTypeID":"kCharacter", "DefaultChar":"]"},
          {"KeyTypeID":"kCharacter", "DefaultChar":"<"},
          {"KeyTypeID":"kCharacter", "DefaultChar":">"},
          {"KeyTypeID":"kCharacter", "DefaultChar":"°"},
          {"KeyTypeID":"kCharacter", "DefaultChar":"|"},
          {"KeyTypeID":"kCharacter", "DefaultChar":"…"}
        ]},
        {"KeyRow":[
          {"KeyTypeID":"kBackspace", "WidthWeight":2.0},
          {"KeyTypeID":"kSpacebar", "WidthWeight":6.0},
          {"KeyTypeID":"kEnter", "WidthWeight":2.0}
        ]}
      ],
      "DefaultKeySizeX":0.02784,
      "DefaultKeySizeY":0.02784,
      "DefaultKeySizeZ":0.02784,
      "KeyboardWidth":2.5,
      "KeyGap":0.003
    }
  ],
  "KeyboardPageSets":[
    {
      "KeyboardPageSetID":"kFull",
      "KeyboardPageSetProperties":[
        {
          "PageLayoutID":"kHiragana",
          "KeyPage":[
            {"KeyTypeID":"kPageHiragana", "PageLayoutID":"kHiragana"},
            {"KeyTypeID":"kPageKatakana", "PageLayoutID":"kKatakana"},
            {"KeyTypeID":"kPageNumericSymbols", "PageLayoutID":"kNumericSymbols"}
          ]
        },
        {
          "PageLayoutID":"kKatakana",
          "KeyPage":[
            {"KeyTypeID":"kPageHiragana", "PageLayoutID":"kHiragana"},
            {"KeyTypeID":"kPageKatakana", "PageLayoutID":"kKatakana"},
            {"KeyTypeID":"kPageNumericSymbols", "PageLayoutID":"kNumericSymbols"}
          ]
        },
        {
          "PageLayoutID":"kNumericSymbols",
          "KeyPage":[
            {"KeyTypeID":"kPageHiragana", "PageLayoutID":"kHiragana"},
            {"KeyTypeID":"kPageKatakana", "PageLayoutID":"kKatakana"},
            {"KeyTypeID":"kPageNumericSymbols", "PageLayoutID":"kHiragana"}
          ]
        }
      ],
      "PageLayoutID":"kHiragana"
    }
  ]
}
