{
  "AlternateKeySelectorID":"Hiragana",
  "AlternateKeyGroups":[{
    "AlternateKeyGroupID":"hiraganaAKeys",
    "AlternateKeys":[
      {"Key":"ぁ"}
    ]
  },
  {
    "AlternateKeyGroupID":"hiraganaIKeys",
    "AlternateKeys":[
      {"Key":"ぃ"}
    ]
  },
  {
    "AlternateKeyGroupID":"hiraganaUKeys",
    "AlternateKeys":[
      {"Key":"ぅ"},
      {"Key":"ゔ"}
    ]
  },
  {
    "AlternateKeyGroupID":"hiraganaEKeys",
    "AlternateKeys":[
      {"Key":"ぇ"}
    ]
  },
  {
    "AlternateKeyGroupID":"hiraganaOKeys",
    "AlternateKeys":[
      {"Key":"ぉ"}
    ]
  },
  {
    "AlternateKeyGroupID":"hiraganaKaKeys",
    "AlternateKeys":[
      {"Key":"ゕ"},
      {"Key":"が"}
    ]
  },
  {
    "AlternateKeyGroupID":"hiraganaKiKeys",
    "AlternateKeys":[
      {"Key":"ぎ"}
    ]
  },
  {
    "AlternateKeyGroupID":"hiraganaKuKeys",
    "AlternateKeys":[
      {"Key":"ぐ"}
    ]
  },
  {
    "AlternateKeyGroupID":"hiraganaKeKeys",
    "AlternateKeys":[
      {"Key":"ゖ"},
      {"Key":"げ"}
    ]
  },
  {
    "AlternateKeyGroupID":"hiraganaKoKeys",
    "AlternateKeys":[
      {"Key":"ご"}
    ]
  },
  {
    "AlternateKeyGroupID":"hiraganaSaKeys",
    "AlternateKeys":[
      {"Key":"ざ"}
    ]
  },
  {
    "AlternateKeyGroupID":"hiraganaSiKeys",
    "AlternateKeys":[
      {"Key":"じ"}
    ]
  },
  {
    "AlternateKeyGroupID":"hiraganaSuKeys",
    "AlternateKeys":[
      {"Key":"ず"}
    ]
  },
  {
    "AlternateKeyGroupID":"hiraganaSeKeys",
    "AlternateKeys":[
      {"Key":"ぜ"}
    ]
  },
  {
    "AlternateKeyGroupID":"hiraganaSoKeys",
    "AlternateKeys":[
      {"Key":"ぞ"}
    ]
  },
  {
    "AlternateKeyGroupID":"hiraganaTaKeys",
    "AlternateKeys":[
      {"Key":"だ"}
    ]
  },
  {
    "AlternateKeyGroupID":"hiraganaTiKeys",
    "AlternateKeys":[
      {"Key":"ぢ"}
    ]
  },
  {
    "AlternateKeyGroupID":"hiraganaTuKeys",
    "AlternateKeys":[
      {"Key":"っ"},
      {"Key":"づ"}
    ]
  },
  {
    "AlternateKeyGroupID":"hiraganaTeKeys",
    "AlternateKeys":[
      {"Key":"で"}
    ]
  },
  {
    "AlternateKeyGroupID":"hiraganaToKeys",
    "AlternateKeys":[
      {"Key":"ど"}
    ]
  },
  {
    "AlternateKeyGroupID":"hiraganaHaKeys",
    "AlternateKeys":[
      {"Key":"ば"},
      {"Key":"ぱ"}
    ]
  },
  {
    "AlternateKeyGroupID":"hiraganaHiKeys",
    "AlternateKeys":[
      {"Key":"び"},
      {"Key":"ぴ"}
    ]
  },
  {
    "AlternateKeyGroupID":"hiraganaHuKeys",
    "AlternateKeys":[
      {"Key":"ぶ"},
      {"Key":"ぷ"}
    ]
  },
  {
    "AlternateKeyGroupID":"hiraganaHeKeys",
    "AlternateKeys":[
      {"Key":"べ"},
      {"Key":"ぺ"}
    ]
  },
  {
    "AlternateKeyGroupID":"hiraganaHoKeys",
    "AlternateKeys":[
      {"Key":"ぼ"},
      {"Key":"ぽ"}
    ]
  },
  {
    "AlternateKeyGroupID":"hiraganaYaKeys",
    "AlternateKeys":[
      {"Key":"ゃ"}
    ]
  },
  {
    "AlternateKeyGroupID":"hiraganaYuKeys",
    "AlternateKeys":[
      {"Key":"ゅ"}
    ]
  },
  {
    "AlternateKeyGroupID":"hiraganaYoKeys",
    "AlternateKeys":[
      {"Key":"ょ"}
    ]
  },
  {
    "AlternateKeyGroupID":"hiraganaWaKeys",
    "AlternateKeys":[
      {"Key":"ゎ"}
    ]
  },
  {
    "AlternateKeyGroupID":"hiraganaPunctuation1",
    "AlternateKeys":[
      {"Key":"、"},
      {"Key":"。"}
    ]
  },
  {
    "AlternateKeyGroupID":"hiraganaPunctuation2",
    "AlternateKeys":[
      {"Key":"?"},
      {"Key":"!"}
    ]
  }]
}