{
    "AlternateKeySelectorID":"Katakana",
    "AlternateKeyGroups":[{
      "AlternateKeyGroupID":"katakanaAKeys",
      "AlternateKeys":[
        {"Key":"ァ"}
      ]
    },
    {
      "AlternateKeyGroupID":"katakanaIKeys",
      "AlternateKeys":[
        {"Key":"ィ"}
      ]
    },
    {
      "AlternateKeyGroupID":"katakanaUKeys",
      "AlternateKeys":[
        {"Key":"ゥ"},
        {"Key":"ヴ"}
      ]
    },
    {
      "AlternateKeyGroupID":"katakanaEKeys",
      "AlternateKeys":[
        {"Key":"ェ"}
      ]
    },
    {
      "AlternateKeyGroupID":"katakanaOKeys",
      "AlternateKeys":[
        {"Key":"ォ"}
      ]
    },
    {
      "AlternateKeyGroupID":"katakanaKaKeys",
      "AlternateKeys":[
        {"Key":"ヵ"},
        {"Key":"ガ"}
      ]
    },
    {
      "AlternateKeyGroupID":"katakanaKiKeys",
      "AlternateKeys":[
        {"Key":"ギ"}
      ]
    },
    {
      "AlternateKeyGroupID":"katakanaKuKeys",
      "AlternateKeys":[
        {"Key":"グ"}
      ]
    },
    {
      "AlternateKeyGroupID":"katakanaKeKeys",
      "AlternateKeys":[
        {"Key":"ヶ"},
        {"Key":"ゲ"}
      ]
    },
    {
      "AlternateKeyGroupID":"katakanaKoKeys",
      "AlternateKeys":[
        {"Key":"ゴ"}
      ]
    },
    {
      "AlternateKeyGroupID":"katakanaSaKeys",
      "AlternateKeys":[
        {"Key":"ザ"}
      ]
    },
    {
      "AlternateKeyGroupID":"katakanaSiKeys",
      "AlternateKeys":[
        {"Key":"ジ"}
      ]
    },
    {
      "AlternateKeyGroupID":"katakanaSuKeys",
      "AlternateKeys":[
        {"Key":"ズ"}
      ]
    },
    {
      "AlternateKeyGroupID":"katakanaSeKeys",
      "AlternateKeys":[
        {"Key":"ゼ"}
      ]
    },
    {
      "AlternateKeyGroupID":"katakanaSoKeys",
      "AlternateKeys":[
        {"Key":"ゾ"}
      ]
    },
    {
      "AlternateKeyGroupID":"katakanaTaKeys",
      "AlternateKeys":[
        {"Key":"ダ"}
      ]
    },
    {
      "AlternateKeyGroupID":"katakanaTiKeys",
      "AlternateKeys":[
        {"Key":"ヂ"}
      ]
    },
    {
      "AlternateKeyGroupID":"katakanaTuKeys",
      "AlternateKeys":[
        {"Key":"ッ"},
        {"Key":"ヅ"}
      ]
    },
    {
      "AlternateKeyGroupID":"katakanaTeKeys",
      "AlternateKeys":[
        {"Key":"デ"}
      ]
    },
    {
      "AlternateKeyGroupID":"katakanaToKeys",
      "AlternateKeys":[
        {"Key":"ド"}
      ]
    },
    {
      "AlternateKeyGroupID":"katakanaHaKeys",
      "AlternateKeys":[
        {"Key":"バ"},
        {"Key":"パ"}
      ]
    },
    {
      "AlternateKeyGroupID":"katakanaHiKeys",
      "AlternateKeys":[
        {"Key":"ビ"},
        {"Key":"ピ"}
      ]
    },
    {
      "AlternateKeyGroupID":"katakanaHuKeys",
      "AlternateKeys":[
        {"Key":"ブ"},
        {"Key":"プ"}
      ]
    },
    {
      "AlternateKeyGroupID":"katakanaHeKeys",
      "AlternateKeys":[
        {"Key":"ベ"},
        {"Key":"ペ"}
      ]
    },
    {
      "AlternateKeyGroupID":"katakanaHoKeys",
      "AlternateKeys":[
        {"Key":"ボ"},
        {"Key":"ポ"}
      ]
    },
    {
      "AlternateKeyGroupID":"katakanaYaKeys",
      "AlternateKeys":[
        {"Key":"ャ"}
      ]
    },
    {
      "AlternateKeyGroupID":"katakanaYuKeys",
      "AlternateKeys":[
        {"Key":"ュ"}
      ]
    },
    {
      "AlternateKeyGroupID":"katakanaYoKeys",
      "AlternateKeys":[
        {"Key":"ョ"}
      ]
    },
    {
      "AlternateKeyGroupID":"katakanaWaKeys",
      "AlternateKeys":[
        {"Key":"ヮ"}
      ]
    },
    {
      "AlternateKeyGroupID":"katakanaPunctuation1",
      "AlternateKeys":[
        {"Key":"、"},
        {"Key":"。"}
      ]
    },
    {
      "AlternateKeyGroupID":"katakanaPunctuation2",
      "AlternateKeys":[
        {"Key":"?"},
        {"Key":"!"}
      ]
    }]
  }