{
  "AlternateKeySelectorID":"European",
  "AlternateKeyGroups":[{
    "AlternateKeyGroupID":"aKeysLower",
    "AlternateKeys":[
      {"Key":"A"},
      {"Key":"ā"},
      {"Key":"â"},
      {"Key":"á"},
      {"Key":"à"},
      {"Key":"ä"},
      {"Key":"æ"},
      {"Key":"ã"},
      {"Key":"å"}
    ]
  },
  {
    "AlternateKeyGroupID":"aKeysUpper",
    "AlternateKeys":[
      {"Key":"a"},
      {"Key":"Ā"},
      {"Key":"Â"},
      {"Key":"Á"},
      {"Key":"À"},
      {"Key":"Ä"},
      {"Key":"Æ"},
      {"Key":"Ã"},
      {"Key":"Å"}
    ]
  },
  {
    "AlternateKeyGroupID":"bKeysLower",
    "AlternateKeys":[
      {"Key":"B"}
    ]
  },
  {
    "AlternateKeyGroupID":"bKeysUpper",
    "AlternateKeys":[
      {"Key":"b"}
    ]
  },
  {
    "AlternateKeyGroupID":"cKeysLower",
    "AlternateKeys":[
      {"Key":"C"},
      {"Key":"ç"}
    ]
  },
  {
    "AlternateKeyGroupID":"cKeysUpper",
    "AlternateKeys":[
      {"Key":"c"},
      {"Key":"Ç"}
    ]
  },
  {
    "AlternateKeyGroupID":"dKeysLower",
    "AlternateKeys":[
      {"Key":"D"},
      {"Key":"ð"}
    ]
  },
  {
    "AlternateKeyGroupID":"dKeysUpper",
    "AlternateKeys":[
      {"Key":"d"},
      {"Key":"Ð"}
    ]
  },
  {
    "AlternateKeyGroupID":"eKeysLower",
    "AlternateKeys":[
      {"Key":"E"},
      {"Key":"ê"},
      {"Key":"è"},
      {"Key":"ë"},
      {"Key":"é"},
      {"Key":"ē"}
    ]
  },
  {
    "AlternateKeyGroupID":"eKeysUpper",
    "AlternateKeys":[
      {"Key":"e"},
      {"Key":"Ê"},
      {"Key":"È"},
      {"Key":"Ë"},
      {"Key":"É"},
      {"Key":"Ē"}
    ]
  },
  {
    "AlternateKeyGroupID":"fKeysLower",
    "AlternateKeys":[
      {"Key":"F"}
    ]
  },
  {
    "AlternateKeyGroupID":"fKeysUpper",
    "AlternateKeys":[
      {"Key":"f"}
    ]
  },
  {
    "AlternateKeyGroupID":"gKeysLower",
    "AlternateKeys":[
      {"Key":"G"}
    ]
  },
  {
    "AlternateKeyGroupID":"gKeysUpper",
    "AlternateKeys":[
      {"Key":"g"}
    ]
  },
  {
    "AlternateKeyGroupID":"hKeysLower",
    "AlternateKeys":[
      {"Key":"H"}
    ]
  },
  {
    "AlternateKeyGroupID":"hKeysUpper",
    "AlternateKeys":[
      {"Key":"h"}
    ]
  },
  {
    "AlternateKeyGroupID":"iKeysLower",
    "AlternateKeys":[
      {"Key":"I"},
      {"Key":"î"},
      {"Key":"ì"},
      {"Key":"ï"},
      {"Key":"í"},
      {"Key":"ī"}
    ]
  },
  {
    "AlternateKeyGroupID":"iKeysUpper",
    "AlternateKeys":[
      {"Key":"i"},
      {"Key":"Î"},
      {"Key":"Ì"},
      {"Key":"Ï"},
      {"Key":"Í"},
      {"Key":"Ī"}
    ]
  },
  {
    "AlternateKeyGroupID":"jKeysLower",
    "AlternateKeys":[
      {"Key":"J"}
    ]
  },
  {
    "AlternateKeyGroupID":"jKeysUpper",
    "AlternateKeys":[
      {"Key":"j"}
    ]
  },
  {
    "AlternateKeyGroupID":"kKeysLower",
    "AlternateKeys":[
      {"Key":"K"}
    ]
  },
  {
    "AlternateKeyGroupID":"kKeysUpper",
    "AlternateKeys":[
      {"Key":"k"}
    ]
  },
  {
    "AlternateKeyGroupID":"lKeysLower",
    "AlternateKeys":[
      {"Key":"L"}
    ]
  },
  {
    "AlternateKeyGroupID":"lKeysUpper",
    "AlternateKeys":[
      {"Key":"l"}
    ]
  },
  {
    "AlternateKeyGroupID":"mKeysLower",
    "AlternateKeys":[
      {"Key":"M"}
    ]
  },
  {
    "AlternateKeyGroupID":"mKeysUpper",
    "AlternateKeys":[
      {"Key":"m"}
    ]
  },
  {
    "AlternateKeyGroupID":"nKeysLower",
    "AlternateKeys":[
      {"Key":"N"},
      {"Key":"ñ"}
    ]
  },
  {
    "AlternateKeyGroupID":"nKeysUpper",
    "AlternateKeys":[
      {"Key":"n"},
      {"Key":"Ñ"}
    ]
  },
  {
    "AlternateKeyGroupID":"oKeysLower",
    "AlternateKeys":[
      {"Key":"O"},
      {"Key":"ô"},
      {"Key":"ò"},
      {"Key":"ö"},
      {"Key":"ó"},
      {"Key":"õ"},
      {"Key":"œ"}
    ]
  },
  {
    "AlternateKeyGroupID":"oKeysUpper",
    "AlternateKeys":[
      {"Key":"o"},
      {"Key":"Ô"},
      {"Key":"Ò"},
      {"Key":"Ö"},
      {"Key":"Ó"},
      {"Key":"Õ"},
      {"Key":"Œ"}
    ]
  },
  {
    "AlternateKeyGroupID":"pKeysLower",
    "AlternateKeys":[
      {"Key":"P"}
    ]
  },
  {
    "AlternateKeyGroupID":"pKeysUpper",
    "AlternateKeys":[
      {"Key":"p"}
    ]
  },
  {
    "AlternateKeyGroupID":"qKeysLower",
    "AlternateKeys":[
      {"Key":"Q"}
    ]
  },
  {
    "AlternateKeyGroupID":"qKeysUpper",
    "AlternateKeys":[
      {"Key":"q"}
    ]
  },
  {
    "AlternateKeyGroupID":"rKeysLower",
    "AlternateKeys":[
      {"Key":"R"}
    ]
  },
  {
    "AlternateKeyGroupID":"rKeysUpper",
    "AlternateKeys":[
      {"Key":"r"}
    ]
  },
  {
    "AlternateKeyGroupID":"sKeysLower",
    "AlternateKeys":[
      {"Key":"S"},
      {"Key":"š"},
      {"Key":"ß"}
    ]
  },
  {
    "AlternateKeyGroupID":"sKeysUpper",
    "AlternateKeys":[
      {"Key":"s"},
      {"Key":"Š"},
      {"Key":"ß"}
    ]
  },
  {
    "AlternateKeyGroupID":"tKeysLower",
    "AlternateKeys":[
      {"Key":"T"}
    ]
  },
  {
    "AlternateKeyGroupID":"tKeysUpper",
    "AlternateKeys":[
      {"Key":"t"}
    ]
  },
  {
    "AlternateKeyGroupID":"uKeysLower",
    "AlternateKeys":[
      {"Key":"U"},
      {"Key":"û"},
      {"Key":"ù"},
      {"Key":"ü"},
      {"Key":"ú"},
      {"Key":"ū"}
    ]
  },
  {
    "AlternateKeyGroupID":"uKeysUpper",
    "AlternateKeys":[
      {"Key":"u"},
      {"Key":"Û"},
      {"Key":"Ù"},
      {"Key":"Ü"},
      {"Key":"Ú"},
      {"Key":"Ū"}
    ]
  },
  {
    "AlternateKeyGroupID":"vKeysLower",
    "AlternateKeys":[
      {"Key":"V"}
    ]
  },
  {
    "AlternateKeyGroupID":"vKeysUpper",
    "AlternateKeys":[
      {"Key":"v"}
    ]
  },
  {
    "AlternateKeyGroupID":"wKeysLower",
    "AlternateKeys":[
      {"Key":"W"},
      {"Key":"ŵ"},
      {"Key":"ẁ"},
      {"Key":"ẅ"},
      {"Key":"ẃ"}
    ]
  },
  {
    "AlternateKeyGroupID":"wKeysUpper",
    "AlternateKeys":[
      {"Key":"w"},
      {"Key":"Ŵ"},
      {"Key":"Ẁ"},
      {"Key":"Ẅ"},
      {"Key":"Ẃ"}
    ]
  },
  {
    "AlternateKeyGroupID":"xKeysLower",
    "AlternateKeys":[
      {"Key":"X"}
    ]
  },
  {
    "AlternateKeyGroupID":"xKeysUpper",
    "AlternateKeys":[
      {"Key":"x"}
    ]
  },
  {
    "AlternateKeyGroupID":"yKeysLower",
    "AlternateKeys":[
      {"Key":"Y"},
      {"Key":"ŷ"},
      {"Key":"ỳ"},
      {"Key":"ÿ"},
      {"Key":"ý"}
    ]
  },
  {
    "AlternateKeyGroupID":"yKeysUpper",
    "AlternateKeys":[
      {"Key":"y"},
      {"Key":"Ŷ"},
      {"Key":"Ỳ"},
      {"Key":"Ÿ"},
      {"Key":"Ý"}
    ]
  },
  {
    "AlternateKeyGroupID":"zKeysLower",
    "AlternateKeys":[
      {"Key":"Z"}
    ]
  },
  {
    "AlternateKeyGroupID":"zKeysUpper",
    "AlternateKeys":[
      {"Key":"z"}
    ]
  },
  {
    "AlternateKeyGroupID":"periodKeys",
    "AlternateKeys":[
      {"Key":"…"}
    ]
  },
  {
    "AlternateKeyGroupID":"questionKeys",
    "AlternateKeys":[
      {"Key":"¿"}
    ]
  },
  {
    "AlternateKeyGroupID":"exclamationKeys",
    "AlternateKeys":[
      {"Key":"¡"}
    ]
  },
  {
    "AlternateKeyGroupID":"invQuestionKeys",
    "AlternateKeys":[
      {"Key":"?"}
    ]
  },
  {
    "AlternateKeyGroupID":"invExclamationKeys",
    "AlternateKeys":[
      {"Key":"!"}
    ]
  },
  {
    "AlternateKeyGroupID":"ampersandKeys",
    "AlternateKeys":[
      {"Key":"§"}
    ]
  },
  {
    "AlternateKeyGroupID":"dollarKeys",
    "AlternateKeys":[
      {"Key":"¥"},
      {"Key":"€"},
      {"Key":"¢"},
      {"Key":"£"},
      {"Key":"₺"},
      {"Key":"₹"}
    ]
  },
  {
    "AlternateKeyGroupID":"poundKeys",
    "AlternateKeys":[
      {"Key":"¥"},
      {"Key":"€"},
      {"Key":"¢"},
      {"Key":"$"},
      {"Key":"₺"},
      {"Key":"₹"}
    ]
  },
  {
    "AlternateKeyGroupID":"euroKeys",
    "AlternateKeys":[
      {"Key":"¥"},
      {"Key":"$"},
      {"Key":"¢"},
      {"Key":"£"},
      {"Key":"₺"},
      {"Key":"₹"}
    ]
  },
  {
    "AlternateKeyGroupID":"quoteKeys",
    "AlternateKeys":[
      {"Key":"„"},
      {"Key":"“"},
      {"Key":"”"},
      {"Key":"«"},
      {"Key":"»"}
    ]
  },
  {
    "AlternateKeyGroupID":"apostropheKeys",
    "AlternateKeys":[
      {"Key":"‚"},
      {"Key":"‘"},
      {"Key":"’"},
      {"Key":"‹"},
      {"Key":"›"}
    ]
  },
  {
    "AlternateKeyGroupID":"percentKeys",
    "AlternateKeys":[
      {"Key":"‰"}
    ]
  },
  {
    "AlternateKeyGroupID":"copyrightKeys",
    "AlternateKeys":[
      {"Key":"™"},
      {"Key":"®"}
    ]
  }]
}